{
    "0": {
        "unigram_precision": 0.5,
        "unigram_recall": 0.5,
        "unigram_f1": 0.5,
        "cer": 0.8333333333333334,
        "wer": 1.0,
        "length_clean": 12,
        "length_ocr": 11
    },
    "1": {
        "unigram_precision": 1.0,
        "unigram_recall": 1.0,
        "unigram_f1": 1.0,
        "cer": 0.14285714285714285,
        "wer": 0.5,
        "length_clean": 7,
        "length_ocr": 7
    },
    "2": {
        "unigram_precision": 1.0,
        "unigram_recall": 1.0,
        "unigram_f1": 1.0,
        "cer": 0.041666666666666664,
        "wer": 0.25,
        "length_clean": 24,
        "length_ocr": 25
    },
    "3": {
        "unigram_precision": 0.35526315789473684,
        "unigram_recall": 0.2887700534759358,
        "unigram_f1": 0.31858407079646023,
        "cer": 0.7153218495013599,
        "wer": 0.9135135135135135,
        "length_clean": 1103,
        "length_ocr": 911
    },
    "4": {
        "unigram_precision": 0.8953488372093024,
        "unigram_recall": 0.5220338983050847,
        "unigram_f1": 0.6595289079229122,
        "cer": 0.47418397626112757,
        "wer": 0.547945205479452,
        "length_clean": 1685,
        "length_ocr": 996
    },
    "5": {
        "unigram_precision": 0.8095238095238095,
        "unigram_recall": 0.85,
        "unigram_f1": 0.8292682926829269,
        "cer": 0.12037037037037036,
        "wer": 0.2,
        "length_clean": 108,
        "length_ocr": 118
    },
    "6": {
        "unigram_precision": 1.0,
        "unigram_recall": 0.5,
        "unigram_f1": 0.6666666666666666,
        "cer": 0.5,
        "wer": 1.0,
        "length_clean": 14,
        "length_ocr": 8
    },
    "7": {
        "unigram_precision": 0.9545454545454546,
        "unigram_recall": 0.8842105263157894,
        "unigram_f1": 0.9180327868852459,
        "cer": 0.10229276895943562,
        "wer": 0.12903225806451613,
        "length_clean": 567,
        "length_ocr": 525
    },
    "8": {
        "unigram_precision": 0.009297136481963555,
        "unigram_recall": 0.11467889908256881,
        "unigram_f1": 0.01719986240110079,
        "cer": 13.366438356164384,
        "wer": 12.744075829383887,
        "length_clean": 1168,
        "length_ocr": 16133
    },
    "9": {
        "unigram_precision": 0.9111111111111111,
        "unigram_recall": 0.8913043478260869,
        "unigram_f1": 0.9010989010989011,
        "cer": 0.08160779537149818,
        "wer": 0.13768115942028986,
        "length_clean": 821,
        "length_ocr": 794
    },
    "10": {
        "unigram_precision": 0.8571428571428571,
        "unigram_recall": 0.8450704225352113,
        "unigram_f1": 0.851063829787234,
        "cer": 0.09192825112107623,
        "wer": 0.18309859154929578,
        "length_clean": 446,
        "length_ocr": 427
    },
    "11": {
        "unigram_precision": 0.5,
        "unigram_recall": 0.5,
        "unigram_f1": 0.5,
        "cer": 0.75,
        "wer": 1.0,
        "length_clean": 12,
        "length_ocr": 12
    },
    "12": {
        "unigram_precision": 0.8837209302325582,
        "unigram_recall": 0.617169373549884,
        "unigram_f1": 0.726775956284153,
        "cer": 0.35462463708004976,
        "wer": 0.42823529411764705,
        "length_clean": 2411,
        "length_ocr": 1672
    },
    "13": {
        "unigram_precision": 0.9341692789968652,
        "unigram_recall": 0.8713450292397661,
        "unigram_f1": 0.9016641452344931,
        "cer": 0.12481127327629592,
        "wer": 0.17888563049853373,
        "length_clean": 1987,
        "length_ocr": 1868
    },
    "14": {
        "unigram_precision": 0.8934010152284264,
        "unigram_recall": 0.6132404181184669,
        "unigram_f1": 0.7272727272727272,
        "cer": 0.36379716981132076,
        "wer": 0.4250871080139373,
        "length_clean": 1696,
        "length_ocr": 1174
    },
    "15": {
        "unigram_precision": 0.9081196581196581,
        "unigram_recall": 0.7048092868988391,
        "unigram_f1": 0.7936507936507936,
        "cer": 0.3086206896551724,
        "wer": 0.3596638655462185,
        "length_clean": 3480,
        "length_ocr": 2732
    },
    "16": {
        "unigram_precision": 0.8695652173913043,
        "unigram_recall": 0.6008583690987125,
        "unigram_f1": 0.7106598984771574,
        "cer": 0.36097212294496067,
        "wer": 0.45064377682403434,
        "length_clean": 1399,
        "length_ocr": 974
    },
    "17": {
        "unigram_precision": 0.9282868525896414,
        "unigram_recall": 0.7540453074433657,
        "unigram_f1": 0.8321428571428573,
        "cer": 0.23812185578535494,
        "wer": 0.28664495114006516,
        "length_clean": 1789,
        "length_ocr": 1459
    },
    "18": {
        "unigram_precision": 0.855072463768116,
        "unigram_recall": 0.45245398773006135,
        "unigram_f1": 0.5917753259779338,
        "cer": 0.5061530230069556,
        "wer": 0.5844961240310077,
        "length_clean": 3738,
        "length_ocr": 1972
    },
    "19": {
        "unigram_precision": 0.9014084507042254,
        "unigram_recall": 0.9014084507042254,
        "unigram_f1": 0.9014084507042254,
        "cer": 0.0964824120603015,
        "wer": 0.14366197183098592,
        "length_clean": 1990,
        "length_ocr": 2002
    },
    "20": {
        "unigram_precision": 0.911976911976912,
        "unigram_recall": 0.7365967365967366,
        "unigram_f1": 0.8149580915538363,
        "cer": 0.2666527893422148,
        "wer": 0.32147093712930014,
        "length_clean": 4804,
        "length_ocr": 3865
    },
    "21": {
        "unigram_precision": 0.8924731182795699,
        "unigram_recall": 0.8615916955017301,
        "unigram_f1": 0.8767605633802817,
        "cer": 0.13108839446782922,
        "wer": 0.17482517482517482,
        "length_clean": 1663,
        "length_ocr": 1575
    },
    "22": {
        "unigram_precision": 0.8993963782696177,
        "unigram_recall": 0.8957915831663327,
        "unigram_f1": 0.8975903614457832,
        "cer": 0.08259795270031768,
        "wer": 0.15182186234817813,
        "length_clean": 2833,
        "length_ocr": 2820
    },
    "23": {
        "unigram_precision": 0.8629032258064516,
        "unigram_recall": 0.34516129032258064,
        "unigram_f1": 0.49308755760368667,
        "cer": 0.597255369928401,
        "wer": 0.6917808219178082,
        "length_clean": 1676,
        "length_ocr": 713
    },
    "24": {
        "unigram_precision": 0.8251748251748252,
        "unigram_recall": 0.5700483091787439,
        "unigram_f1": 0.6742857142857142,
        "cer": 0.3960749330954505,
        "wer": 0.5024154589371981,
        "length_clean": 1121,
        "length_ocr": 797
    },
    "25": {
        "unigram_precision": 0.9113300492610837,
        "unigram_recall": 0.8525345622119815,
        "unigram_f1": 0.8809523809523808,
        "cer": 0.1095890410958904,
        "wer": 0.17757009345794392,
        "length_clean": 1241,
        "length_ocr": 1167
    },
    "26": {
        "unigram_precision": 0.9152542372881356,
        "unigram_recall": 0.8901098901098901,
        "unigram_f1": 0.9025069637883009,
        "cer": 0.11770623742454728,
        "wer": 0.15,
        "length_clean": 994,
        "length_ocr": 947
    },
    "27": {
        "unigram_precision": 0.8784722222222222,
        "unigram_recall": 0.8135048231511254,
        "unigram_f1": 0.8447412353923206,
        "cer": 0.19012062033314187,
        "wer": 0.27960526315789475,
        "length_clean": 1741,
        "length_ocr": 1617
    },
    "28": {
        "unigram_precision": 0.9259259259259259,
        "unigram_recall": 0.7558139534883721,
        "unigram_f1": 0.8322663252240716,
        "cer": 0.2597998331943286,
        "wer": 0.3173076923076923,
        "length_clean": 2398,
        "length_ocr": 1913
    },
    "29": {
        "unigram_precision": 0.8702460850111857,
        "unigram_recall": 0.8820861678004536,
        "unigram_f1": 0.8761261261261263,