{
    "0": {
        "unigram_precision": 0.5,
        "unigram_recall": 0.5,
        "unigram_f1": 0.5,
        "cer": 0.6666666666666666,
        "wer": 1.0,
        "length_clean": 12,
        "length_ocr": 12
    },
    "1": {
        "unigram_precision": 1.0,
        "unigram_recall": 1.0,
        "unigram_f1": 1.0,
        "cer": 0.14285714285714285,
        "wer": 0.5,
        "length_clean": 7,
        "length_ocr": 7
    },
    "2": {
        "unigram_precision": 0.0,
        "unigram_recall": 0.0,
        "unigram_f1": 0.0,
        "cer": 1.0,
        "wer": 1.5,
        "length_clean": 24,
        "length_ocr": 29
    },
    "3": {
        "unigram_precision": 0.9101123595505618,
        "unigram_recall": 0.8663101604278075,
        "unigram_f1": 0.8876712328767122,
        "cer": 0.1359927470534905,
        "wer": 0.1891891891891892,
        "length_clean": 1103,
        "length_ocr": 1064
    },
    "4": {
        "unigram_precision": 0.9017094017094017,
        "unigram_recall": 0.7152542372881356,
        "unigram_f1": 0.7977315689981098,
        "cer": 0.2795252225519288,
        "wer": 0.3698630136986301,
        "length_clean": 1685,
        "length_ocr": 1333
    },
    "5": {
        "unigram_precision": 0.8571428571428571,
        "unigram_recall": 0.9,
        "unigram_f1": 0.8780487804878048,
        "cer": 0.07407407407407407,
        "wer": 0.2,
        "length_clean": 108,
        "length_ocr": 112
    },
    "6": {
        "unigram_precision": 0.0,
        "unigram_recall": 0.0,
        "unigram_f1": 0.0,
        "cer": 0.5714285714285714,
        "wer": 1.0,
        "length_clean": 14,
        "length_ocr": 15
    },
    "7": {
        "unigram_precision": 0.813953488372093,
        "unigram_recall": 0.3684210526315789,
        "unigram_f1": 0.5072463768115942,
        "cer": 0.599647266313933,
        "wer": 0.6881720430107527,
        "length_clean": 567,
        "length_ocr": 252
    },
    "8": {
        "unigram_precision": 0.6,
        "unigram_recall": 0.26146788990825687,
        "unigram_f1": 0.3642172523961661,
        "cer": 0.6566780821917808,
        "wer": 0.8104265402843602,
        "length_clean": 1168,
        "length_ocr": 521
    },
    "9": {
        "unigram_precision": 0.9041095890410958,
        "unigram_recall": 0.4782608695652174,
        "unigram_f1": 0.6255924170616114,
        "cer": 0.48964677222898906,
        "wer": 0.5869565217391305,
        "length_clean": 821,
        "length_ocr": 448
    },
    "10": {
        "unigram_precision": 0.6666666666666666,
        "unigram_recall": 0.056338028169014086,
        "unigram_f1": 0.1038961038961039,
        "cer": 0.9013452914798207,
        "wer": 0.9859154929577465,
        "length_clean": 446,
        "length_ocr": 54
    },
    "11": {
        "unigram_precision": 0.5,
        "unigram_recall": 0.5,
        "unigram_f1": 0.5,
        "cer": 0.6666666666666666,
        "wer": 1.0,
        "length_clean": 12,
        "length_ocr": 12
    },
    "12": {
        "unigram_precision": 0.907563025210084,
        "unigram_recall": 0.7517401392111369,
        "unigram_f1": 0.8223350253807106,
        "cer": 0.24180837826627954,
        "wer": 0.3270588235294118,
        "length_clean": 2411,
        "length_ocr": 2016
    },
    "13": {
        "unigram_precision": 0.9076923076923077,
        "unigram_recall": 0.8625730994152047,
        "unigram_f1": 0.8845577211394303,
        "cer": 0.12883744338198289,
        "wer": 0.21114369501466276,
        "length_clean": 1987,
        "length_ocr": 1915
    },
    "14": {
        "unigram_precision": 0.8954703832752613,
        "unigram_recall": 0.8954703832752613,
        "unigram_f1": 0.8954703832752613,
        "cer": 0.11261792452830188,
        "wer": 0.18815331010452963,
        "length_clean": 1696,
        "length_ocr": 1657
    },
    "15": {
        "unigram_precision": 0.903114186851211,
        "unigram_recall": 0.8656716417910447,
        "unigram_f1": 0.8839966130397967,
        "cer": 0.16235632183908047,
        "wer": 0.226890756302521,
        "length_clean": 3480,
        "length_ocr": 3309
    },
    "16": {
        "unigram_precision": 0.9057591623036649,
        "unigram_recall": 0.7424892703862661,
        "unigram_f1": 0.8160377358490566,
        "cer": 0.2580414581844174,
        "wer": 0.31759656652360513,
        "length_clean": 1399,
        "length_ocr": 1155
    },
    "17": {
        "unigram_precision": 0.9119718309859155,
        "unigram_recall": 0.8381877022653722,
        "unigram_f1": 0.8735244519392918,
        "cer": 0.18390162101732813,
        "wer": 0.23778501628664495,
        "length_clean": 1789,
        "length_ocr": 1637
    },
    "18": {
        "unigram_precision": 0.9390243902439024,
        "unigram_recall": 0.5904907975460123,
        "unigram_f1": 0.7250470809792844,
        "cer": 0.4159978598180845,
        "wer": 0.462015503875969,
        "length_clean": 3738,
        "length_ocr": 2363
    },
    "19": {
        "unigram_precision": 0.907051282051282,
        "unigram_recall": 0.7971830985915493,
        "unigram_f1": 0.848575712143928,
        "cer": 0.1849246231155779,
        "wer": 0.23943661971830985,
        "length_clean": 1990,
        "length_ocr": 1764
    },
    "20": {
        "unigram_precision": 0.8008130081300813,
        "unigram_recall": 0.6888111888111889,
        "unigram_f1": 0.7406015037593985,
        "cer": 0.33971690258118237,
        "wer": 0.43416370106761565,
        "length_clean": 4804,
        "length_ocr": 4294
    },
    "21": {
        "unigram_precision": 0.8608695652173913,
        "unigram_recall": 0.6851211072664359,
        "unigram_f1": 0.7630057803468208,
        "cer": 0.31509320505111243,
        "wer": 0.4090909090909091,
        "length_clean": 1663,
        "length_ocr": 1329
    },
    "22": {
        "unigram_precision": 0.8990825688073395,
        "unigram_recall": 0.7855711422845691,
        "unigram_f1": 0.8385026737967914,
        "cer": 0.20508295093540416,
        "wer": 0.31983805668016196,
        "length_clean": 2833,
        "length_ocr": 2528
    },
    "23": {
        "unigram_precision": 0.9416666666666667,
        "unigram_recall": 0.36451612903225805,
        "unigram_f1": 0.5255813953488372,
        "cer": 0.6175417661097852,
        "wer": 0.660958904109589,
        "length_clean": 1676,
        "length_ocr": 678
    },
    "24": {
        "unigram_precision": 0.91,
        "unigram_recall": 0.8792270531400966,
        "unigram_f1": 0.8943488943488944,
        "cer": 0.10526315789473684,
        "wer": 0.18357487922705315,
        "length_clean": 1121,
        "length_ocr": 1097
    },
    "25": {
        "unigram_precision": 0.9154228855721394,
        "unigram_recall": 0.847926267281106,
        "unigram_f1": 0.8803827751196173,
        "cer": 0.14020950846091862,
        "wer": 0.205607476635514,
        "length_clean": 1241,
        "length_ocr": 1137
    },
    "26": {
        "unigram_precision": 0.925,
        "unigram_recall": 0.8131868131868132,
        "unigram_f1": 0.8654970760233918,
        "cer": 0.20925553319919518,
        "wer": 0.28888888888888886,
        "length_clean": 994,
        "length_ocr": 864
    },
    "27": {
        "unigram_precision": 0.8731343283582089,
        "unigram_recall": 0.752411575562701,
        "unigram_f1": 0.8082901554404145,
        "cer": 0.2389431361286617,
        "wer": 0.32894736842105265,
        "length_clean": 1741,
        "length_ocr": 1540
    },
    "28": {
        "unigram_precision": 0.9264705882352942,
        "unigram_recall": 0.7325581395348837,
        "unigram_f1": 0.8181818181818182,
        "cer": 0.2835696413678065,
        "wer": 0.3701923076923077,
        "length_clean": 2398,
        "length_ocr": 1897
    },
    "29": {
        "unigram_precision": 0.9093406593406593,
        "unigram_recall": 0.7505668934240363,
        "unigram_f1": 0.8223602484472049,
        "cer": 0.3031893419459023,