{
    "0": 0.0,
    "1": 0.0,
    "2": null,
    "3": 0.8048780487804877,
    "4": 0.0606060606060606,
    "5": 1.0,
    "6": 1.0,
    "7": 0.53125,
    "8": 0.042467138523761376,
    "9": 0.9696969696969697,
    "10": 1.1428571428571428,
    "11": 0.0,
    "12": 0.9008264462809917,
    "13": 0.27876106194690264,
    "14": 0.05381471389645777,
    "15": 0.8553459119496856,
    "16": 0.055813953488372085,
    "17": 0.04123711340206185,
    "18": 0.04159021406727829,
    "19": 0.15412844036697249,
    "20": 0.050394656952034,
    "21": 0.07894736842105263,
    "22": 0.05476190476190476,
    "23": 0.03650680028632785,
    "24": 0.05507559395248379,
    "25": 0.03595080416272469,
    "26": 0.1724137931034483,
    "27": 0.06971904266389177,
    "28": 0.07044534412955465,
    "29": 0.05886792452830189,
    "30": 0.04736371760500448,
    "31": 0.0689655172413793,
    "32": 0.9827586206896551,
    "33": 0.04385964912280702,
    "34": 1.5,
    "35": 0.6666666666666667,
    "36": null,
    "37": 0.0,
    "38": 0.6,
    "39": 0.08695652173913043,
    "40": 0.07731305449936629,
    "41": 0.3829787234042553,
    "42": 1.0,
    "43": 1.75,
    "44": 0.33476394849785407,
    "45": 0.10384215991692626,
    "46": null,
    "47": 0.2
}