{
    "0": [
        1.0,
        1.0,
        1.0
    ],
    "1": [
        1.0,
        1.0,
        1.0
    ],
    "2": [
        1.0,
        1.0,
        1.0
    ],
    "3": [
        0.8206521739130435,
        0.8074866310160428,
        0.8140161725067384
    ],
    "4": [
        0.8141891891891891,
        0.8169491525423729,
        0.8155668358714043
    ],
    "5": [
        0.85,
        0.85,
        0.85
    ],
    "6": [
        0.0,
        0.0,
        0.0
    ],
    "7": [
        0.8247422680412371,
        0.8421052631578947,
        0.8333333333333333
    ],
    "8": [
        0.8116591928251121,
        0.8302752293577982,
        0.8208616780045351
    ],
    "9": [
        0.8057553956834532,
        0.8115942028985508,
        0.808664259927798
    ],
    "10": [
        0.8028169014084507,
        0.8028169014084507,
        0.8028169014084506
    ],
    "11": [
        1.0,
        1.0,
        1.0
    ],
    "12": [
        0.8009259259259259,
        0.802784222737819,
        0.8018539976825029
    ],
    "13": [
        0.8475073313782991,
        0.8450292397660819,
        0.8462664714494876
    ],
    "14": [
        0.7889273356401384,
        0.794425087108014,
        0.7916666666666666
    ],
    "15": [
        0.8036303630363036,
        0.8076285240464345,
        0.8056244830438378
    ],
    "16": [
        0.8189655172413793,
        0.8154506437768241,
        0.8172043010752688
    ],
    "17": [
        0.814935064935065,
        0.8122977346278317,
        0.813614262560778
    ],
    "18": [
        0.8228043143297381,
        0.8190184049079755,
        0.8209069946195235
    ],
    "19": [
        0.797752808988764,
        0.8,
        0.79887482419128
    ],
    "20": [
        0.8290398126463701,
        0.8251748251748252,
        0.8271028037383178
    ],
    "21": [
        0.8257839721254355,
        0.8200692041522492,
        0.8229166666666666
    ],
    "22": [
        0.843687374749499,
        0.843687374749499,
        0.843687374749499
    ],
    "23": [
        0.8543689320388349,
        0.8516129032258064,
        0.8529886914378028
    ],
    "24": [
        0.7971014492753623,
        0.7971014492753623,
        0.7971014492753623
    ],
    "25": [
        0.832579185520362,
        0.847926267281106,
        0.8401826484018265
    ],
    "26": [
        0.8736263736263736,
        0.8736263736263736,
        0.8736263736263735
    ],
    "27": [
        0.819935691318328,
        0.819935691318328,
        0.819935691318328
    ],
    "28": [
        0.8267898383371824,
        0.8325581395348837,
        0.8296639629200463
    ],
    "29": [
        0.837471783295711,
        0.8412698412698413,
        0.8393665158371042
    ],
    "30": [
        0.7896995708154506,
        0.7931034482758621,
        0.7913978494623657
    ],
    "31": [
        0.8329177057356608,
        0.8267326732673267,
        0.8298136645962733
    ],
    "32": [
        0.7878787878787878,
        0.7711864406779662,
        0.7794432548179873
    ],
    "33": [
        0.8247126436781609,
        0.8223495702005731,
        0.823529411764706
    ],
    "34": [
        0.8863636363636364,
        0.8863636363636364,
        0.8863636363636365
    ],
    "35": [
        0.8064516129032258,
        0.8333333333333334,
        0.819672131147541
    ],
    "36": [
        1.0,
        1.0,
        1.0
    ],
    "37": [
        1.0,
        1.0,
        1.0
    ],
    "38": [
        0.75,
        0.7058823529411765,
        0.7272727272727272
    ],
    "39": [
        0.8327402135231317,
        0.8327402135231317,
        0.8327402135231317
    ],
    "40": [
        0.832807570977918,
        0.825,
        0.8288854003139718
    ],
    "41": [
        0.864406779661017,
        0.864406779661017,
        0.864406779661017
    ],
    "42": [
        0.72,
        0.7272727272727273,
        0.7236180904522613
    ],
    "43": [
        0.8666666666666667,
        0.8764044943820225,
        0.8715083798882682
    ],
    "44": [
        0.7834757834757835,
        0.7724719101123596,
        0.7779349363507779
    ],
    "45": [
        0.8062953995157385,
        0.7966507177033493,
        0.8014440433212996
    ],
    "46": [
        1.0,
        1.0,
        1.0
    ],
    "47": [
        0.8333333333333334,
        0.8333333333333334,
        0.8333333333333334
    ]
}