{
    "0": 0.0,
    "1": 0.0,
    "2": 0.0,
    "3": 0.029918404351767906,
    "4": 0.03916913946587537,
    "5": 0.037037037037037035,
    "6": 0.14285714285714285,
    "7": 0.029982363315696647,
    "8": 0.03595890410958904,
    "9": 0.0389768574908648,
    "10": 0.03587443946188341,
    "11": 0.0,
    "12": 0.0452094566569888,
    "13": 0.03170608958228485,
    "14": 0.04658018867924528,
    "15": 0.03908045977011494,
    "16": 0.034310221586847746,
    "17": 0.03577417551704863,
    "18": 0.03638309256286784,
    "19": 0.04221105527638191,
    "20": 0.03455453788509576,
    "21": 0.03788334335538184,
    "22": 0.032474408753971055,
    "23": 0.030429594272076373,
    "24": 0.045495093666369314,
    "25": 0.030620467365028204,
    "26": 0.025150905432595575,
    "27": 0.03848363009764503,
    "28": 0.03628023352793995,
    "29": 0.031489705288655634,
    "30": 0.0401819560272934,
    "31": 0.03309481216457961,
    "32": 0.04394757131842714,
    "33": 0.036288232244686365,
    "34": 0.022556390977443608,
    "35": 0.03468208092485549,
    "36": 0.0,
    "37": 0.0,
    "38": 0.03260869565217391,
    "39": 0.033738191632928474,
    "40": 0.03360881542699724,
    "41": 0.029900332225913623,
    "42": 0.04152823920265781,
    "43": 0.027613412228796843,
    "44": 0.04146730462519936,
    "45": 0.04221190375685943,
    "46": 0.0,
    "47": 0.023255813953488372
}