{
    "0": 0.08333333333333333,
    "1": 12.285714285714286,
    "2": 0.0,
    "3": 0.8268359020852222,
    "4": 0.8492581602373888,
    "5": 0.07407407407407407,
    "6": 6.857142857142857,
    "7": 0.07936507936507936,
    "8": 0.4563356164383562,
    "9": 0.902557856272838,
    "10": 0.04932735426008968,
    "11": 0.08333333333333333,
    "12": 0.9427623392783078,
    "13": 0.8349270256668344,
    "14": 0.8950471698113207,
    "15": 0.9089080459770115,
    "16": 0.11150822015725519,
    "17": 0.4907769703745109,
    "18": 0.7035848047084002,
    "19": 0.5567839195979899,
    "20": 0.9677352206494588,
    "21": 0.6301864101022249,
    "22": 0.8139781150723615,
    "23": 0.19749403341288782,
    "24": 0.911685994647636,
    "25": 0.9339242546333602,
    "26": 0.892354124748491,
    "27": 0.967834577828834,
    "28": 0.9866555462885738,
    "29": 0.9099717400080742,
    "30": 0.10386656557998483,
    "31": 0.5715563506261181,
    "32": 0.9976869699306091,
    "33": 0.4758942457231726,
    "34": 0.08646616541353383,
    "35": 0.05202312138728324,
    "36": 1.1789473684210525,
    "37": 0.7631578947368421,
    "38": 0.0,
    "39": 0.9932523616734144,
    "40": 0.9410468319559229,
    "41": 0.06312292358803986,
    "42": 0.11627906976744186,
    "43": 0.06903353057199212,
    "44": 0.6560340244550771,
    "45": 0.9919797382861967,
    "46": 0.0,
    "47": 0.11627906976744186
}