{
    "0": 0.0,
    "1": 0.0,
    "2": 0.0,
    "3": 0.041405269761606016,
    "4": 0.15102974828375285,
    "5": 1.0,
    "6": 0.6666666666666666,
    "7": 0.47222222222222227,
    "8": 1.0243902439024393,
    "9": 1.0,
    "10": 0.2711864406779661,
    "11": 0.0,
    "12": 1.0,
    "13": 0.2058823529411765,
    "14": 0.055090655509065556,
    "15": 0.04718945176960444,
    "16": 0.7058823529411765,
    "17": 0.7804878048780487,
    "18": 0.0408285800060042,
    "19": 1.0632911392405062,
    "20": 0.9651162790697674,
    "21": 1.0,
    "22": 0.04742268041237113,
    "23": 0.07786259541984733,
    "24": 0.19172932330827067,
    "25": 1.1875000000000002,
    "26": 1.0416666666666667,
    "27": 0.07314410480349344,
    "28": 0.08941418293936279,
    "29": 1.3,
    "30": 1.325,
    "31": 0.24832214765100669,
    "32": 1.6764705882352942,
    "33": 0.22508038585209006,
    "34": 0.031578947368421054,
    "35": 3.0,
    "36": null,
    "37": null,
    "38": null,
    "39": 0.22624434389140272,
    "40": 1.0,
    "41": 0.8571428571428571,
    "42": 1.0,
    "43": 0.9333333333333333,
    "44": 0.061562746645619566,
    "45": 0.05078720162519045,
    "46": null,
    "47": 0.2
}