{
    "in_context_llama": {
        "unigram_precision": {
            "mean": 0.8242907208190968,
            "median": 0.9004024144869216,
            "std": 0.23294248750871913
        },
        "unigram_recall": {
            "mean": 0.7306597519695726,
            "median": 0.8361581920903955,
            "std": 0.24494320835844785
        },
        "unigram_f1": {
            "mean": 0.7661997536462013,
            "median": 0.8479025325897773,
            "std": 0.23732079696228142
        },
        "cer": {
            "mean": 0.5520185915492603,
            "median": 0.1673478710907264,
            "std": 1.8857151527656213
        },
        "wer": {
            "mean": 0.6424786772550702,
            "median": 0.28312510714898,
            "std": 1.78803902332601
        }
    },
    "simple_gemma": {
        "unigram_precision": {
            "mean": 0.8899626344013735,
            "median": 0.9002878305865845,
            "std": 0.14166319657141124
        },
        "unigram_recall": {
            "mean": 0.8770014361305201,
            "median": 0.8826545566739943,
            "std": 0.1416997683975915
        },
        "unigram_f1": {
            "mean": 0.8833565348272826,
            "median": 0.8882289822415366,
            "std": 0.14144618086659302
        },
        "cer": {
            "mean": 0.07209376140356281,
            "median": 0.06289925915181427,
            "std": 0.059976894950948115
        },
        "wer": {
            "mean": 0.21365107892061844,
            "median": 0.16043478260869565,
            "std": 0.19818765839061725
        }
    },
    "ft_lora_llama": {
        "unigram_precision": {
            "mean": 0.7764097087322269,
            "median": 0.9221265905408124,
            "std": 0.31807564525435533
        },
        "unigram_recall": {
            "mean": 0.8763399242973531,
            "median": 0.9146625786464821,
            "std": 0.1686903157452394
        },
        "unigram_f1": {
            "mean": 0.7835938198389917,
            "median": 0.9155460472697637,
            "std": 0.2969474330035995
        },
        "cer": {
            "mean": 1.9675914720643426,
            "median": 0.08310696440316435,
            "std": 5.664202729484058
        },
        "wer": {
            "mean": 2.2967502263845905,
            "median": 0.13640538885486836,
            "std": 6.392694852637426
        }
    },
    "ft_gemma": {
        "unigram_precision": {
            "mean": 0.8828180287416325,
            "median": 0.954916306979682,
            "std": 0.23663162977111127
        },
        "unigram_recall": {
            "mean": 0.9150918517934999,
            "median": 0.9549951771681466,
            "std": 0.1641358524238116
        },
        "unigram_f1": {
            "mean": 0.8847584860840674,
            "median": 0.9534082254379284,
            "std": 0.23267520607165318
        },
        "cer": {
            "mean": 50.40027925963225,
            "median": 0.031615993125584455,
            "std": 342.4922115036241
        },
        "wer": {
            "mean": 67.08212199847473,
            "median": 0.06650289332896604,
            "std": 456.33540207607444
        }
    },
    "ft_llama": {
        "unigram_precision": {
            "mean": 0.7857552071814226,
            "median": 0.9121323529411764,
            "std": 0.2902398845650494
        },
        "unigram_recall": {
            "mean": 0.8409377244486089,
            "median": 0.9024727140980934,
            "std": 0.2016005373165869
        },
        "unigram_f1": {
            "mean": 0.7914858605242729,
            "median": 0.9058035559360071,
            "std": 0.269453097267772
        },
        "cer": {
            "mean": 1.2489115034989746,
            "median": 0.08621536526851632,
            "std": 4.131597858883366
        },
        "wer": {
            "mean": 1.4359191951599317,
            "median": 0.16330396161884858,
            "std": 4.382750175414942
        }
    },
    "in_context_gemma": {
        "unigram_precision": {
            "mean": 0.7824978612895773,
            "median": 0.9005753712457623,
            "std": 0.2725686273504935
        },
        "unigram_recall": {
            "mean": 0.6922301509331277,
            "median": 0.7511535163175866,
            "std": 0.2400816239371327
        },
        "unigram_f1": {
            "mean": 0.7064628311233928,
            "median": 0.8196172248803828,
            "std": 0.27170407042486444
        },
        "cer": {
            "mean": 0.9494126441431728,
            "median": 0.24992491822534849,
            "std": 2.69736564671493
        },
        "wer": {
            "mean": 1.0413562845512387,
            "median": 0.3573452999527633,
            "std": 2.578933792062806
        }
    },
    "simple_llama": {
        "unigram_precision": {
            "mean": 0.8349983476168624,
            "median": 0.8736453201970443,
            "std": 0.17923442838072734
        },
        "unigram_recall": {
            "mean": 0.7362979136955907,
            "median": 0.8069873595505618,
            "std": 0.2138219246844904
        },
        "unigram_f1": {
            "mean": 0.7733220468395107,
            "median": 0.8375377941973845,
            "std": 0.19642441784128767
        },
        "cer": {
            "mean": 0.2942309040753855,
            "median": 0.20282604109883728,
            "std": 0.24678712580178197
        },
        "wer": {
            "mean": 0.41386063831807524,
            "median": 0.3185968050717133,
            "std": 0.2706422120529948
        }
    }
}